,Survived,Pclass,Sex,Age,SibSp,Parch,Fare,Embarked,Deck,FamilySize,Title
0,0,3,0,22.0,1,0,7.25,2,Unknown,2,2
1,1,1,1,38.0,1,0,71.2833,0,C,2,3
2,1,3,1,26.0,0,0,7.925,2,Unknown,1,1
3,1,1,1,35.0,1,0,53.1,2,C,2,3
4,0,3,0,35.0,0,0,8.05,2,Unknown,1,2
5,0,3,0,32.368090452261306,0,0,8.4583,1,Unknown,1,2
6,0,1,0,54.0,0,0,51.8625,2,E,1,2
7,0,3,0,2.0,3,1,21.075,2,Unknown,5,0
8,1,3,1,27.0,0,2,11.1333,2,Unknown,3,3
9,1,2,1,14.0,1,0,30.0708,0,Unknown,2,3
10,1,3,1,4.0,1,1,16.7,2,G,3,1
11,1,1,1,58.0,0,0,26.55,2,C,1,1
12,0,3,0,20.0,0,0,8.05,2,Unknown,1,2
13,0,3,0,39.0,1,5,31.275,2,Unknown,7,2
14,0,3,1,14.0,0,0,7.8542,2,Unknown,1,1
15,1,2,1,55.0,0,0,16.0,2,Unknown,1,3
16,0,3,0,2.0,4,1,29.125,1,Unknown,6,0
17,1,2,0,32.368090452261306,0,0,13.0,2,Unknown,1,2
18,0,3,1,31.0,1,0,18.0,2,Unknown,2,3
19,1,3,1,35.788990825688074,0,0,7.225,0,Unknown,1,3
20,0,2,0,35.0,0,0,26.0,2,Unknown,1,2
21,1,2,0,34.0,0,0,13.0,2,D,1,2
22,1,3,1,15.0,0,0,8.0292,1,Unknown,1,1
23,1,1,0,28.0,0,0,35.5,2,A,1,2
24,0,3,1,8.0,3,1,21.075,2,Unknown,5,1
25,1,3,1,38.0,1,5,31.3875,2,Unknown,7,3
26,0,3,0,32.368090452261306,0,0,7.225,0,Unknown,1,2
27,0,1,0,19.0,3,2,263.0,2,C,6,2
28,1,3,1,21.845637583892618,0,0,7.8792,1,Unknown,1,1
29,0,3,0,32.368090452261306,0,0,7.8958,2,Unknown,1,2
30,0,1,0,40.0,0,0,27.7208,0,Unknown,1,4
31,1,1,1,35.788990825688074,1,0,146.5208,0,B,2,3
32,1,3,1,21.845637583892618,0,0,7.75,1,Unknown,1,1
33,0,2,0,66.0,0,0,10.5,2,Unknown,1,2
34,0,1,0,28.0,1,0,82.1708,0,Unknown,2,2
35,0,1,0,42.0,1,0,52.0,2,Unknown,2,2
36,1,3,0,32.368090452261306,0,0,7.2292,0,Unknown,1,2
37,0,3,0,21.0,0,0,8.05,2,Unknown,1,2
38,0,3,1,18.0,2,0,18.0,2,Unknown,3,1
39,1,3,1,14.0,1,0,11.2417,0,Unknown,2,1
40,0,3,1,40.0,1,0,9.475,2,Unknown,2,3
41,0,2,1,27.0,1,0,21.0,2,Unknown,2,3
42,0,3,0,32.368090452261306,0,0,7.8958,0,Unknown,1,2
43,1,2,1,3.0,1,2,41.5792,0,Unknown,4,1
44,1,3,1,19.0,0,0,7.8792,1,Unknown,1,1
45,0,3,0,32.368090452261306,0,0,8.05,2,Unknown,1,2
46,0,3,0,32.368090452261306,1,0,15.5,1,Unknown,2,2
47,1,3,1,21.845637583892618,0,0,7.75,1,Unknown,1,1
48,0,3,0,32.368090452261306,2,0,21.6792,0,Unknown,3,2
49,0,3,1,18.0,1,0,17.8,2,Unknown,2,3
50,0,3,0,7.0,4,1,39.6875,2,Unknown,6,0
51,0,3,0,21.0,0,0,7.8,2,Unknown,1,2
52,1,1,1,49.0,1,0,76.7292,0,D,2,3
53,1,2,1,29.0,1,0,26.0,2,Unknown,2,3
54,0,1,0,65.0,0,1,61.9792,0,B,2,2
55,1,1,0,32.368090452261306,0,0,35.5,2,C,1,2
56,1,2,1,21.0,0,0,10.5,2,Unknown,1,1
57,0,3,0,28.5,0,0,7.2292,0,Unknown,1,2
58,1,2,1,5.0,1,2,27.75,2,Unknown,4,1
59,0,3,0,11.0,5,2,46.9,2,Unknown,8,0
60,0,3,0,22.0,0,0,7.2292,0,Unknown,1,2
61,1,1,1,38.0,0,0,80.0,2,B,1,1
62,0,1,0,45.0,1,0,83.475,2,C,2,2
63,0,3,0,4.0,3,2,27.9,2,Unknown,6,0
64,0,1,0,32.368090452261306,0,0,27.7208,0,Unknown,1,2
65,1,3,0,4.574166666666667,1,1,15.2458,0,Unknown,3,0
66,1,2,1,29.0,0,0,10.5,2,F,1,3
67,0,3,0,19.0,0,0,8.1583,2,Unknown,1,2
68,1,3,1,17.0,4,2,7.925,2,Unknown,7,1
69,0,3,0,26.0,2,0,8.6625,2,Unknown,3,2
70,0,2,0,32.0,0,0,10.5,2,Unknown,1,2
71,0,3,1,16.0,5,2,46.9,2,Unknown,8,1
72,0,2,0,21.0,0,0,73.5,2,Unknown,1,2
73,0,3,0,26.0,1,0,14.4542,0,Unknown,2,2
74,1,3,0,32.0,0,0,56.4958,2,Unknown,1,2
75,0,3,0,25.0,0,0,7.65,2,F,1,2
76,0,3,0,32.368090452261306,0,0,7.8958,2,Unknown,1,2
77,0,3,0,32.368090452261306,0,0,8.05,2,Unknown,1,2
78,1,2,0,0.83,0,2,29.0,2,Unknown,3,0
79,1,3,1,30.0,0,0,12.475,2,Unknown,1,1
80,0,3,0,22.0,0,0,9.0,2,Unknown,1,2
81,1,3,0,29.0,0,0,9.5,2,Unknown,1,2
82,1,3,1,21.845637583892618,0,0,7.7875,1,Unknown,1,1
83,0,1,0,28.0,0,0,47.1,2,Unknown,1,2
84,1,2,1,17.0,0,0,10.5,2,Unknown,1,1
85,1,3,1,33.0,3,0,15.85,2,Unknown,4,3
86,0,3,0,16.0,1,3,34.375,2,Unknown,5,2
87,0,3,0,32.368090452261306,0,0,8.05,2,Unknown,1,2
88,1,1,1,23.0,3,2,263.0,2,C,6,1
89,0,3,0,24.0,0,0,8.05,2,Unknown,1,2
90,0,3,0,29.0,0,0,8.05,2,Unknown,1,2
91,0,3,0,20.0,0,0,7.8542,2,Unknown,1,2
92,0,1,0,46.0,1,0,61.175,2,E,2,2
93,0,3,0,26.0,1,2,20.575,2,Unknown,4,2
94,0,3,0,59.0,0,0,7.25,2,Unknown,1,2
95,0,3,0,32.368090452261306,0,0,8.05,2,Unknown,1,2
96,0,1,0,71.0,0,0,34.6542,0,A,1,2
97,1,1,0,23.0,0,1,63.3583,0,D,2,2
98,1,2,1,34.0,0,1,23.0,2,Unknown,2,3
99,0,2,0,34.0,1,0,26.0,2,Unknown,2,2
100,0,3,1,28.0,0,0,7.8958,2,Unknown,1,1
101,0,3,0,32.368090452261306,0,0,7.8958,2,Unknown,1,2
102,0,1,0,21.0,0,1,77.2875,2,D,2,2
103,0,3,0,33.0,0,0,8.6542,2,Unknown,1,2
104,0,3,0,37.0,2,0,7.925,2,Unknown,3,2
105,0,3,0,28.0,0,0,7.8958,2,Unknown,1,2
106,1,3,1,21.0,0,0,7.65,2,Unknown,1,1
107,1,3,0,32.368090452261306,0,0,7.775,2,Unknown,1,2
108,0,3,0,38.0,0,0,7.8958,2,Unknown,1,2
109,1,3,1,21.845637583892618,1,0,24.15,1,Unknown,2,1
110,0,1,0,47.0,0,0,52.0,2,C,1,2
111,0,3,1,14.5,1,0,14.4542,0,Unknown,2,1
112,0,3,0,22.0,0,0,8.05,2,Unknown,1,2
113,0,3,1,20.0,1,0,9.825,2,Unknown,2,1
114,0,3,1,17.0,0,0,14.4583,0,Unknown,1,1
115,0,3,0,21.0,0,0,7.925,2,Unknown,1,2
116,0,3,0,70.5,0,0,7.75,1,Unknown,1,2
117,0,2,0,29.0,1,0,21.0,2,Unknown,2,2
118,0,1,0,24.0,0,1,247.5208,0,B,2,2
119,0,3,1,2.0,4,2,31.275,2,Unknown,7,1
120,0,2,0,21.0,2,0,73.5,2,Unknown,3,2
121,0,3,0,32.368090452261306,0,0,8.05,2,Unknown,1,2
122,0,2,0,32.5,1,0,30.0708,0,Unknown,2,2
123,1,2,1,32.5,0,0,13.0,2,E,1,1
124,0,1,0,54.0,0,1,77.2875,2,D,2,2
125,1,3,0,12.0,1,0,11.2417,0,Unknown,2,0
126,0,3,0,32.368090452261306,0,0,7.75,1,Unknown,1,2
127,1,3,0,24.0,0,0,7.1417,2,Unknown,1,2
128,1,3,1,21.845637583892618,1,1,22.3583,0,F,3,1
129,0,3,0,45.0,0,0,6.975,2,Unknown,1,2
130,0,3,0,33.0,0,0,7.8958,0,Unknown,1,2
131,0,3,0,20.0,0,0,7.05,2,Unknown,1,2
132,0,3,1,47.0,1,0,14.5,2,Unknown,2,3
133,1,2,1,29.0,1,0,26.0,2,Unknown,2,3
134,0,2,0,25.0,0,0,13.0,2,Unknown,1,2
135,0,2,0,23.0,0,0,15.0458,0,Unknown,1,2
136,1,1,1,19.0,0,2,26.2833,2,D,3,1
137,0,1,0,37.0,1,0,53.1,2,C,2,2
138,0,3,0,16.0,0,0,9.2167,2,Unknown,1,2
139,0,1,0,24.0,0,0,79.2,0,B,1,2
140,0,3,1,35.788990825688074,0,2,15.2458,0,Unknown,3,3
141,1,3,1,22.0,0,0,7.75,2,Unknown,1,1
142,1,3,1,24.0,1,0,15.85,2,Unknown,2,3
143,0,3,0,19.0,0,0,6.75,1,Unknown,1,2
144,0,2,0,18.0,0,0,11.5,2,Unknown,1,2
145,0,2,0,19.0,1,1,36.75,2,Unknown,3,2
146,1,3,0,27.0,0,0,7.7958,2,Unknown,1,2
147,0,3,1,9.0,2,2,34.375,2,Unknown,5,1
148,0,2,0,36.5,0,2,26.0,2,F,3,2
149,0,2,0,42.0,0,0,13.0,2,Unknown,1,4
150,0,2,0,51.0,0,0,12.525,2,Unknown,1,4
151,1,1,1,22.0,1,0,66.6,2,C,2,3
152,0,3,0,55.5,0,0,8.05,2,Unknown,1,2
153,0,3,0,40.5,0,2,14.5,2,Unknown,3,2
154,0,3,0,32.368090452261306,0,0,7.3125,2,Unknown,1,2
155,0,1,0,51.0,0,1,61.3792,0,Unknown,2,2
156,1,3,1,16.0,0,0,7.7333,1,Unknown,1,1
157,0,3,0,30.0,0,0,8.05,2,Unknown,1,2
158,0,3,0,32.368090452261306,0,0,8.6625,2,Unknown,1,2
159,0,3,0,4.574166666666667,8,2,69.55,2,Unknown,11,0
160,0,3,0,44.0,0,1,16.1,2,Unknown,2,2
161,1,2,1,40.0,0,0,15.75,2,Unknown,1,3
162,0,3,0,26.0,0,0,7.775,2,Unknown,1,2
163,0,3,0,17.0,0,0,8.6625,2,Unknown,1,2
164,0,3,0,1.0,4,1,39.6875,2,Unknown,6,0
165,1,3,0,9.0,0,2,20.525,2,Unknown,3,0
166,1,1,1,35.788990825688074,0,1,55.0,2,E,2,3
167,0,3,1,45.0,1,4,27.9,2,Unknown,6,3
168,0,1,0,32.368090452261306,0,0,25.925,2,Unknown,1,2
169,0,3,0,28.0,0,0,56.4958,2,Unknown,1,2
170,0,1,0,61.0,0,0,33.5,2,B,1,2
171,0,3,0,4.0,4,1,29.125,1,Unknown,6,0
172,1,3,1,1.0,1,1,11.1333,2,Unknown,3,1
173,0,3,0,21.0,0,0,7.925,2,Unknown,1,2
174,0,1,0,56.0,0,0,30.6958,0,A,1,2
175,0,3,0,18.0,1,1,7.8542,2,Unknown,3,2
176,0,3,0,4.574166666666667,3,1,25.4667,2,Unknown,5,0
177,0,1,1,50.0,0,0,28.7125,0,C,1,1
178,0,2,0,30.0,0,0,13.0,2,Unknown,1,2
179,0,3,0,36.0,0,0,0.0,2,Unknown,1,2
180,0,3,1,21.845637583892618,8,2,69.55,2,Unknown,11,1
181,0,2,0,32.368090452261306,0,0,15.05,0,Unknown,1,2
182,0,3,0,9.0,4,2,31.3875,2,Unknown,7,0
183,1,2,0,1.0,2,1,39.0,2,F,4,0
184,1,3,1,4.0,0,2,22.025,2,Unknown,3,1
185,0,1,0,32.368090452261306,0,0,50.0,2,A,1,2
186,1,3,1,35.788990825688074,1,0,15.5,1,Unknown,2,3
187,1,1,0,45.0,0,0,26.55,2,Unknown,1,2
188,0,3,0,40.0,1,1,15.5,1,Unknown,3,2
189,0,3,0,36.0,0,0,7.8958,2,Unknown,1,2
190,1,2,1,32.0,0,0,13.0,2,Unknown,1,3
191,0,2,0,19.0,0,0,13.0,2,Unknown,1,2
192,1,3,1,19.0,1,0,7.8542,2,Unknown,2,1
193,1,2,0,3.0,1,1,26.0,2,F,3,0
194,1,1,1,44.0,0,0,27.7208,0,B,1,3
195,1,1,1,58.0,0,0,146.5208,0,B,1,1
196,0,3,0,32.368090452261306,0,0,7.75,1,Unknown,1,2
197,0,3,0,42.0,0,1,8.4042,2,Unknown,2,2
198,1,3,1,21.845637583892618,0,0,7.75,1,Unknown,1,1
199,0,2,1,24.0,0,0,13.0,2,Unknown,1,1
200,0,3,0,28.0,0,0,9.5,2,Unknown,1,2
201,0,3,0,32.368090452261306,8,2,69.55,2,Unknown,11,2
202,0,3,0,34.0,0,0,6.4958,2,Unknown,1,2
203,0,3,0,45.5,0,0,7.225,0,Unknown,1,2
204,1,3,0,18.0,0,0,8.05,2,Unknown,1,2
205,0,3,1,2.0,0,1,10.4625,2,G,2,1
206,0,3,0,32.0,1,0,15.85,2,Unknown,2,2
207,1,3,0,26.0,0,0,18.7875,0,Unknown,1,2
208,1,3,1,16.0,0,0,7.75,1,Unknown,1,1
209,1,1,0,40.0,0,0,31.0,0,A,1,2
210,0,3,0,24.0,0,0,7.05,2,Unknown,1,2
211,1,2,1,35.0,0,0,21.0,2,Unknown,1,1
212,0,3,0,22.0,0,0,7.25,2,Unknown,1,2
213,0,2,0,30.0,0,0,13.0,2,Unknown,1,2
214,0,3,0,32.368090452261306,1,0,7.75,1,Unknown,2,2
215,1,1,1,31.0,1,0,113.275,0,D,2,1
216,1,3,1,27.0,0,0,7.925,2,Unknown,1,1
217,0,2,0,42.0,1,0,27.0,2,Unknown,2,2
218,1,1,1,32.0,0,0,76.2917,0,D,1,1
219,0,2,0,30.0,0,0,10.5,2,Unknown,1,2
220,1,3,0,16.0,0,0,8.05,2,Unknown,1,2
221,0,2,0,27.0,0,0,13.0,2,Unknown,1,2
222,0,3,0,51.0,0,0,8.05,2,Unknown,1,2
223,0,3,0,32.368090452261306,0,0,7.8958,2,Unknown,1,2
224,1,1,0,38.0,1,0,90.0,2,C,2,2
225,0,3,0,22.0,0,0,9.35,2,Unknown,1,2
226,1,2,0,19.0,0,0,10.5,2,Unknown,1,2
227,0,3,0,20.5,0,0,7.25,2,Unknown,1,2
228,0,2,0,18.0,0,0,13.0,2,Unknown,1,2
229,0,3,1,21.845637583892618,3,1,25.4667,2,Unknown,5,1
230,1,1,1,35.0,1,0,83.475,2,C,2,3
231,0,3,0,29.0,0,0,7.775,2,Unknown,1,2
232,0,2,0,59.0,0,0,13.5,2,Unknown,1,2
233,1,3,1,5.0,4,2,31.3875,2,Unknown,7,1
234,0,2,0,24.0,0,0,10.5,2,Unknown,1,2
235,0,3,1,21.845637583892618,0,0,7.55,2,Unknown,1,1
236,0,2,0,44.0,1,0,26.0,2,Unknown,2,2
237,1,2,1,8.0,0,2,26.25,2,Unknown,3,1
238,0,2,0,19.0,0,0,10.5,2,Unknown,1,2
239,0,2,0,33.0,0,0,12.275,2,Unknown,1,2
240,0,3,1,21.845637583892618,1,0,14.4542,0,Unknown,2,1
241,1,3,1,21.845637583892618,1,0,15.5,1,Unknown,2,1
242,0,2,0,29.0,0,0,10.5,2,Unknown,1,2
243,0,3,0,22.0,0,0,7.125,2,Unknown,1,2
244,0,3,0,30.0,0,0,7.225,0,Unknown,1,2
245,0,1,0,44.0,2,0,90.0,1,C,3,4
246,0,3,1,25.0,0,0,7.775,2,Unknown,1,1
247,1,2,1,24.0,0,2,14.5,2,Unknown,3,3
248,1,1,0,37.0,1,1,52.5542,2,D,3,2
249,0,2,0,54.0,1,0,26.0,2,Unknown,2,4
250,0,3,0,32.368090452261306,0,0,7.25,2,Unknown,1,2
251,0,3,1,29.0,1,1,10.4625,2,G,3,3
252,0,1,0,62.0,0,0,26.55,2,C,1,2
253,0,3,0,30.0,1,0,16.1,2,Unknown,2,2
254,0,3,1,41.0,0,2,20.2125,2,Unknown,3,3
255,1,3,1,29.0,0,2,15.2458,0,Unknown,3,3
256,1,1,1,35.788990825688074,0,0,79.2,0,Unknown,1,3
257,1,1,1,30.0,0,0,86.5,2,B,1,1
258,1,1,1,35.0,0,0,512.3292,0,Unknown,1,1
259,1,2,1,50.0,0,1,26.0,2,Unknown,2,3
260,0,3,0,32.368090452261306,0,0,7.75,1,Unknown,1,2
261,1,3,0,3.0,4,2,31.3875,2,Unknown,7,0
262,0,1,0,52.0,1,1,79.65,2,E,3,2
263,0,1,0,40.0,0,0,0.0,2,B,1,2
264,0,3,1,21.845637583892618,0,0,7.75,1,Unknown,1,1
265,0,2,0,36.0,0,0,10.5,2,Unknown,1,2
266,0,3,0,16.0,4,1,39.6875,2,Unknown,6,2
267,1,3,0,25.0,1,0,7.775,2,Unknown,2,2
268,1,1,1,58.0,0,1,153.4625,2,C,2,3
269,1,1,1,35.0,0,0,135.6333,2,C,1,1
270,0,1,0,32.368090452261306,0,0,31.0,2,Unknown,1,2
271,1,3,0,25.0,0,0,0.0,2,Unknown,1,2
272,1,2,1,41.0,0,1,19.5,2,Unknown,2,3
273,0,1,0,37.0,0,1,29.7,0,C,2,2
274,1,3,1,21.845637583892618,0,0,7.75,1,Unknown,1,1
275,1,1,1,63.0,1,0,77.9583,2,D,2,1
276,0,3,1,45.0,0,0,7.75,2,Unknown,1,1
277,0,2,0,32.368090452261306,0,0,0.0,2,Unknown,1,2
278,0,3,0,7.0,4,1,29.125,1,Unknown,6,0
279,1,3,1,35.0,1,1,20.25,2,Unknown,3,3
280,0,3,0,65.0,0,0,7.75,1,Unknown,1,2
281,0,3,0,28.0,0,0,7.8542,2,Unknown,1,2
282,0,3,0,16.0,0,0,9.5,2,Unknown,1,2
283,1,3,0,19.0,0,0,8.05,2,Unknown,1,2
284,0,1,0,32.368090452261306,0,0,26.0,2,A,1,2
285,0,3,0,33.0,0,0,8.6625,0,Unknown,1,2
286,1,3,0,30.0,0,0,9.5,2,Unknown,1,2
287,0,3,0,22.0,0,0,7.8958,2,Unknown,1,2
288,1,2,0,42.0,0,0,13.0,2,Unknown,1,2
289,1,3,1,22.0,0,0,7.75,1,Unknown,1,1
290,1,1,1,26.0,0,0,78.85,2,Unknown,1,1
291,1,1,1,19.0,1,0,91.0792,0,B,2,3
292,0,2,0,36.0,0,0,12.875,0,D,1,2
293,0,3,1,24.0,0,0,8.85,2,Unknown,1,1
294,0,3,0,24.0,0,0,7.8958,2,Unknown,1,2
295,0,1,0,32.368090452261306,0,0,27.7208,0,Unknown,1,2
296,0,3,0,23.5,0,0,7.2292,0,Unknown,1,2
297,0,1,1,2.0,1,2,151.55,2,C,4,1
298,1,1,0,32.368090452261306,0,0,30.5,2,C,1,2
299,1,1,1,50.0,0,1,247.5208,0,B,2,3
300,1,3,1,21.845637583892618,0,0,7.75,1,Unknown,1,1
301,1,3,0,32.368090452261306,2,0,23.25,1,Unknown,3,2
302,0,3,0,19.0,0,0,0.0,2,Unknown,1,2
303,1,2,1,21.845637583892618,0,0,12.35,1,E,1,1
304,0,3,0,32.368090452261306,0,0,8.05,2,Unknown,1,2
305,1,1,0,0.92,1,2,151.55,2,C,4,0
306,1,1,1,21.845637583892618,0,0,110.8833,0,Unknown,1,1
307,1,1,1,17.0,1,0,108.9,0,C,2,3
308,0,2,0,30.0,1,0,24.0,0,Unknown,2,2
309,1,1,1,30.0,0,0,56.9292,0,E,1,1
310,1,1,1,24.0,0,0,83.1583,0,C,1,1
311,1,1,1,18.0,2,2,262.375,0,B,5,1
312,0,2,1,26.0,1,1,26.0,2,Unknown,3,3
313,0,3,0,28.0,0,0,7.8958,2,Unknown,1,2
314,0,2,0,43.0,1,1,26.25,2,Unknown,3,2
315,1,3,1,26.0,0,0,7.8542,2,Unknown,1,1
316,1,2,1,24.0,1,0,26.0,2,Unknown,2,3
317,0,2,0,54.0,0,0,14.0,2,Unknown,1,4
318,1,1,1,31.0,0,2,164.8667,2,C,3,1
319,1,1,1,40.0,1,1,134.5,0,E,3,3
320,0,3,0,22.0,0,0,7.25,2,Unknown,1,2
321,0,3,0,27.0,0,0,7.8958,2,Unknown,1,2
322,1,2,1,30.0,0,0,12.35,1,Unknown,1,1
323,1,2,1,22.0,1,1,29.0,2,Unknown,3,3
324,0,3,0,32.368090452261306,8,2,69.55,2,Unknown,11,2
325,1,1,1,36.0,0,0,135.6333,0,C,1,1
326,0,3,0,61.0,0,0,6.2375,2,Unknown,1,2
327,1,2,1,36.0,0,0,13.0,2,D,1,3
328,1,3,1,31.0,1,1,20.525,2,Unknown,3,3
329,1,1,1,16.0,0,1,57.9792,0,B,2,1
330,1,3,1,21.845637583892618,2,0,23.25,1,Unknown,3,1
331,0,1,0,45.5,0,0,28.5,2,C,1,2
332,0,1,0,38.0,0,1,153.4625,2,C,2,2
333,0,3,0,16.0,2,0,18.0,2,Unknown,3,2
334,1,1,1,35.788990825688074,1,0,133.65,2,Unknown,2,3
335,0,3,0,32.368090452261306,0,0,7.8958,2,Unknown,1,2
336,0,1,0,29.0,1,0,66.6,2,C,2,2
337,1,1,1,41.0,0,0,134.5,0,E,1,1
338,1,3,0,45.0,0,0,8.05,2,Unknown,1,2
339,0,1,0,45.0,0,0,35.5,2,T,1,2
340,1,2,0,2.0,1,1,26.0,2,F,3,0
341,1,1,1,24.0,3,2,263.0,2,C,6,1
342,0,2,0,28.0,0,0,13.0,2,Unknown,1,2
343,0,2,0,25.0,0,0,13.0,2,Unknown,1,2
344,0,2,0,36.0,0,0,13.0,2,Unknown,1,2
345,1,2,1,24.0,0,0,13.0,2,F,1,1
346,1,2,1,40.0,0,0,13.0,2,Unknown,1,1
347,1,3,1,35.788990825688074,1,0,16.1,2,Unknown,2,3
348,1,3,0,3.0,1,1,15.9,2,Unknown,3,0
349,0,3,0,42.0,0,0,8.6625,2,Unknown,1,2
350,0,3,0,23.0,0,0,9.225,2,Unknown,1,2
351,0,1,0,32.368090452261306,0,0,35.0,2,C,1,2
352,0,3,0,15.0,1,1,7.2292,0,Unknown,3,2
353,0,3,0,25.0,1,0,17.8,2,Unknown,2,2
354,0,3,0,32.368090452261306,0,0,7.225,0,Unknown,1,2
355,0,3,0,28.0,0,0,9.5,2,Unknown,1,2
356,1,1,1,22.0,0,1,55.0,2,E,2,1
357,0,2,1,38.0,0,0,13.0,2,Unknown,1,1
358,1,3,1,21.845637583892618,0,0,7.8792,1,Unknown,1,1
359,1,3,1,21.845637583892618,0,0,7.8792,1,Unknown,1,1
360,0,3,0,40.0,1,4,27.9,2,Unknown,6,2
361,0,2,0,29.0,1,0,27.7208,0,Unknown,2,2
362,0,3,1,45.0,0,1,14.4542,0,Unknown,2,3
363,0,3,0,35.0,0,0,7.05,2,Unknown,1,2
364,0,3,0,32.368090452261306,1,0,15.5,1,Unknown,2,2
365,0,3,0,30.0,0,0,7.25,2,Unknown,1,2
366,1,1,1,60.0,1,0,75.25,0,D,2,3
367,1,3,1,35.788990825688074,0,0,7.2292,0,Unknown,1,3
368,1,3,1,21.845637583892618,0,0,7.75,1,Unknown,1,1
369,1,1,1,24.0,0,0,69.3,0,B,1,3
370,1,1,0,25.0,1,0,55.4417,0,E,2,2
371,0,3,0,18.0,1,0,6.4958,2,Unknown,2,2
372,0,3,0,19.0,0,0,8.05,2,Unknown,1,2
373,0,1,0,22.0,0,0,135.6333,0,Unknown,1,2
374,0,3,1,3.0,3,1,21.075,2,Unknown,5,1
375,1,1,1,35.788990825688074,1,0,82.1708,0,Unknown,2,3
376,1,3,1,22.0,0,0,7.25,2,Unknown,1,1
377,0,1,0,27.0,0,2,211.5,0,C,3,2
378,0,3,0,20.0,0,0,4.0125,0,Unknown,1,2
379,0,3,0,19.0,0,0,7.775,2,Unknown,1,2
380,1,1,1,42.0,0,0,227.525,0,Unknown,1,1
381,1,3,1,1.0,0,2,15.7417,0,Unknown,3,1
382,0,3,0,32.0,0,0,7.925,2,Unknown,1,2
383,1,1,1,35.0,1,0,52.0,2,Unknown,2,3
384,0,3,0,32.368090452261306,0,0,7.8958,2,Unknown,1,2
385,0,2,0,18.0,0,0,73.5,2,Unknown,1,2
386,0,3,0,1.0,5,2,46.9,2,Unknown,8,0
387,1,2,1,36.0,0,0,13.0,2,Unknown,1,1
388,0,3,0,32.368090452261306,0,0,7.7292,1,Unknown,1,2
389,1,2,1,17.0,0,0,12.0,0,Unknown,1,1
390,1,1,0,36.0,1,2,120.0,2,B,4,2
391,1,3,0,21.0,0,0,7.7958,2,Unknown,1,2
392,0,3,0,28.0,2,0,7.925,2,Unknown,3,2
393,1,1,1,23.0,1,0,113.275,0,D,2,1
394,1,3,1,24.0,0,2,16.7,2,G,3,3
395,0,3,0,22.0,0,0,7.7958,2,Unknown,1,2
396,0,3,1,31.0,0,0,7.8542,2,Unknown,1,1
397,0,2,0,46.0,0,0,26.0,2,Unknown,1,2
398,0,2,0,23.0,0,0,10.5,2,Unknown,1,4
399,1,2,1,28.0,0,0,12.65,2,Unknown,1,3
400,1,3,0,39.0,0,0,7.925,2,Unknown,1,2
401,0,3,0,26.0,0,0,8.05,2,Unknown,1,2
402,0,3,1,21.0,1,0,9.825,2,Unknown,2,1
403,0,3,0,28.0,1,0,15.85,2,Unknown,2,2
404,0,3,1,20.0,0,0,8.6625,2,Unknown,1,1
405,0,2,0,34.0,1,0,21.0,2,Unknown,2,2
406,0,3,0,51.0,0,0,7.75,2,Unknown,1,2
407,1,2,0,3.0,1,1,18.75,2,Unknown,3,0
408,0,3,0,21.0,0,0,7.775,2,Unknown,1,2
409,0,3,1,21.845637583892618,3,1,25.4667,2,Unknown,5,1
410,0,3,0,32.368090452261306,0,0,7.8958,2,Unknown,1,2
411,0,3,0,32.368090452261306,0,0,6.8583,1,Unknown,1,2
412,1,1,1,33.0,1,0,90.0,1,C,2,1
413,0,2,0,32.368090452261306,0,0,0.0,2,Unknown,1,2
414,1,3,0,44.0,0,0,7.925,2,Unknown,1,2
415,0,3,1,35.788990825688074,0,0,8.05,2,Unknown,1,3
416,1,2,1,34.0,1,1,32.5,2,Unknown,3,3
417,1,2,1,18.0,0,2,13.0,2,Unknown,3,1
418,0,2,0,30.0,0,0,13.0,2,Unknown,1,2
419,0,3,1,10.0,0,2,24.15,2,Unknown,3,1
420,0,3,0,32.368090452261306,0,0,7.8958,0,Unknown,1,2
421,0,3,0,21.0,0,0,7.7333,1,Unknown,1,2
422,0,3,0,29.0,0,0,7.875,2,Unknown,1,2
423,0,3,1,28.0,1,1,14.4,2,Unknown,3,3
424,0,3,0,18.0,1,1,20.2125,2,Unknown,3,2
425,0,3,0,32.368090452261306,0,0,7.25,2,Unknown,1,2
426,1,2,1,28.0,1,0,26.0,2,Unknown,2,3
427,1,2,1,19.0,0,0,26.0,2,Unknown,1,1
428,0,3,0,32.368090452261306,0,0,7.75,1,Unknown,1,2
429,1,3,0,32.0,0,0,8.05,2,E,1,2
430,1,1,0,28.0,0,0,26.55,2,C,1,2
431,1,3,1,35.788990825688074,1,0,16.1,2,Unknown,2,3
432,1,2,1,42.0,1,0,26.0,2,Unknown,2,3
433,0,3,0,17.0,0,0,7.125,2,Unknown,1,2
434,0,1,0,50.0,1,0,55.9,2,E,2,2
435,1,1,1,14.0,1,2,120.0,2,B,4,1
436,0,3,1,21.0,2,2,34.375,2,Unknown,5,1
437,1,2,1,24.0,2,3,18.75,2,Unknown,6,3
438,0,1,0,64.0,1,4,263.0,2,C,6,2
439,0,2,0,31.0,0,0,10.5,2,Unknown,1,2
440,1,2,1,45.0,1,1,26.25,2,Unknown,3,3
441,0,3,0,20.0,0,0,9.5,2,Unknown,1,2
442,0,3,0,25.0,1,0,7.775,2,Unknown,2,2
443,1,2,1,28.0,0,0,13.0,2,Unknown,1,1
444,1,3,0,32.368090452261306,0,0,8.1125,2,Unknown,1,2
445,1,1,0,4.0,0,2,81.8583,2,A,3,0
446,1,2,1,13.0,0,1,19.5,2,Unknown,2,1
447,1,1,0,34.0,0,0,26.55,2,Unknown,1,2
448,1,3,1,5.0,2,1,19.2583,0,Unknown,4,1
449,1,1,0,52.0,0,0,30.5,2,C,1,4
450,0,2,0,36.0,1,2,27.75,2,Unknown,4,2
451,0,3,0,32.368090452261306,1,0,19.9667,2,Unknown,2,2
452,0,1,0,30.0,0,0,27.75,0,C,1,2
453,1,1,0,49.0,1,0,89.1042,0,C,2,2
454,0,3,0,32.368090452261306,0,0,8.05,2,Unknown,1,2
455,1,3,0,29.0,0,0,7.8958,0,Unknown,1,2
456,0,1,0,65.0,0,0,26.55,2,E,1,2
457,1,1,1,35.788990825688074,1,0,51.8625,2,D,2,3
458,1,2,1,50.0,0,0,10.5,2,Unknown,1,1
459,0,3,0,32.368090452261306,0,0,7.75,1,Unknown,1,2
460,1,1,0,48.0,0,0,26.55,2,E,1,2
461,0,3,0,34.0,0,0,8.05,2,Unknown,1,2
462,0,1,0,47.0,0,0,38.5,2,E,1,2
463,0,2,0,48.0,0,0,13.0,2,Unknown,1,2
464,0,3,0,32.368090452261306,0,0,8.05,2,Unknown,1,2
465,0,3,0,38.0,0,0,7.05,2,Unknown,1,2
466,0,2,0,32.368090452261306,0,0,0.0,2,Unknown,1,2
467,0,1,0,56.0,0,0,26.55,2,Unknown,1,2
468,0,3,0,32.368090452261306,0,0,7.725,1,Unknown,1,2
469,1,3,1,0.75,2,1,19.2583,0,Unknown,4,1
470,0,3,0,32.368090452261306,0,0,7.25,2,Unknown,1,2
471,0,3,0,38.0,0,0,8.6625,2,Unknown,1,2
472,1,2,1,33.0,1,2,27.75,2,Unknown,4,3
473,1,2,1,23.0,0,0,13.7917,0,D,1,3
474,0,3,1,22.0,0,0,9.8375,2,Unknown,1,1
475,0,1,0,32.368090452261306,0,0,52.0,2,A,1,2
476,0,2,0,34.0,1,0,21.0,2,Unknown,2,2
477,0,3,0,29.0,1,0,7.0458,2,Unknown,2,2
478,0,3,0,22.0,0,0,7.5208,2,Unknown,1,2
479,1,3,1,2.0,0,1,12.2875,2,Unknown,2,1
480,0,3,0,9.0,5,2,46.9,2,Unknown,8,0
481,0,2,0,32.368090452261306,0,0,0.0,2,Unknown,1,2
482,0,3,0,50.0,0,0,8.05,2,Unknown,1,2
483,1,3,1,63.0,0,0,9.5875,2,Unknown,1,3
484,1,1,0,25.0,1,0,91.0792,0,B,2,2
485,0,3,1,21.845637583892618,3,1,25.4667,2,Unknown,5,1
486,1,1,1,35.0,1,0,90.0,2,C,2,3
487,0,1,0,58.0,0,0,29.7,0,B,1,2
488,0,3,0,30.0,0,0,8.05,2,Unknown,1,2
489,1,3,0,9.0,1,1,15.9,2,Unknown,3,0
490,0,3,0,32.368090452261306,1,0,19.9667,2,Unknown,2,2
491,0,3,0,21.0,0,0,7.25,2,Unknown,1,2
492,0,1,0,55.0,0,0,30.5,2,C,1,2
493,0,1,0,71.0,0,0,49.5042,0,Unknown,1,2
494,0,3,0,21.0,0,0,8.05,2,Unknown,1,2
495,0,3,0,32.368090452261306,0,0,14.4583,0,Unknown,1,2
496,1,1,1,54.0,1,0,78.2667,0,D,2,1
497,0,3,0,32.368090452261306,0,0,15.1,2,Unknown,1,2
498,0,1,1,25.0,1,2,151.55,2,C,4,3
499,0,3,0,24.0,0,0,7.7958,2,Unknown,1,2
500,0,3,0,17.0,0,0,8.6625,2,Unknown,1,2
501,0,3,1,21.0,0,0,7.75,1,Unknown,1,1
502,0,3,1,21.845637583892618,0,0,7.6292,1,Unknown,1,1
503,0,3,1,37.0,0,0,9.5875,2,Unknown,1,1
504,1,1,1,16.0,0,0,86.5,2,B,1,1
505,0,1,0,18.0,1,0,108.9,0,C,2,2
506,1,2,1,33.0,0,2,26.0,2,Unknown,3,3
507,1,1,0,32.368090452261306,0,0,26.55,2,Unknown,1,2
508,0,3,0,28.0,0,0,22.525,2,Unknown,1,2
509,1,3,0,26.0,0,0,56.4958,2,Unknown,1,2
510,1,3,0,29.0,0,0,7.75,1,Unknown,1,2
511,0,3,0,32.368090452261306,0,0,8.05,2,Unknown,1,2
512,1,1,0,36.0,0,0,26.2875,2,E,1,2
513,1,1,1,54.0,1,0,59.4,0,Unknown,2,3
514,0,3,0,24.0,0,0,7.4958,2,Unknown,1,2
515,0,1,0,47.0,0,0,34.0208,2,D,1,2
516,1,2,1,34.0,0,0,10.5,2,F,1,3
517,0,3,0,32.368090452261306,0,0,24.15,1,Unknown,1,2
518,1,2,1,36.0,1,0,26.0,2,Unknown,2,3
519,0,3,0,32.0,0,0,7.8958,2,Unknown,1,2
520,1,1,1,30.0,0,0,93.5,2,B,1,1
521,0,3,0,22.0,0,0,7.8958,2,Unknown,1,2
522,0,3,0,32.368090452261306,0,0,7.225,0,Unknown,1,2
523,1,1,1,44.0,0,1,57.9792,0,B,2,3
524,0,3,0,32.368090452261306,0,0,7.2292,0,Unknown,1,2
525,0,3,0,40.5,0,0,7.75,1,Unknown,1,2
526,1,2,1,50.0,0,0,10.5,2,Unknown,1,1
527,0,1,0,32.368090452261306,0,0,221.7792,2,C,1,2
528,0,3,0,39.0,0,0,7.925,2,Unknown,1,2
529,0,2,0,23.0,2,1,11.5,2,Unknown,4,2
530,1,2,1,2.0,1,1,26.0,2,Unknown,3,1
531,0,3,0,32.368090452261306,0,0,7.2292,0,Unknown,1,2
532,0,3,0,17.0,1,1,7.2292,0,Unknown,3,2
533,1,3,1,35.788990825688074,0,2,22.3583,0,Unknown,3,3
534,0,3,1,30.0,0,0,8.6625,2,Unknown,1,1
535,1,2,1,7.0,0,2,26.25,2,Unknown,3,1
536,0,1,0,45.0,0,0,26.55,2,B,1,4
537,1,1,1,30.0,0,0,106.425,0,Unknown,1,1
538,0,3,0,32.368090452261306,0,0,14.5,2,Unknown,1,2
539,1,1,1,22.0,0,2,49.5,0,B,3,1
540,1,1,1,36.0,0,2,71.0,2,B,3,1
541,0,3,1,9.0,4,2,31.275,2,Unknown,7,1
542,0,3,1,11.0,4,2,31.275,2,Unknown,7,1
543,1,2,0,32.0,1,0,26.0,2,Unknown,2,2
544,0,1,0,50.0,1,0,106.425,0,C,2,2
545,0,1,0,64.0,0,0,26.0,2,Unknown,1,2
546,1,2,1,19.0,1,0,26.0,2,Unknown,2,3
547,1,2,0,32.368090452261306,0,0,13.8625,0,Unknown,1,2
548,0,3,0,33.0,1,1,20.525,2,Unknown,3,2
549,1,2,0,8.0,1,1,36.75,2,Unknown,3,0
550,1,1,0,17.0,0,2,110.8833,0,C,3,2
551,0,2,0,27.0,0,0,26.0,2,Unknown,1,2
552,0,3,0,32.368090452261306,0,0,7.8292,1,Unknown,1,2
553,1,3,0,22.0,0,0,7.225,0,Unknown,1,2
554,1,3,1,22.0,0,0,7.775,2,Unknown,1,1
555,0,1,0,62.0,0,0,26.55,2,Unknown,1,2
556,1,1,1,48.0,1,0,39.6,0,A,2,4
557,0,1,0,32.368090452261306,0,0,227.525,0,Unknown,1,2
558,1,1,1,39.0,1,1,79.65,2,E,3,3
559,1,3,1,36.0,1,0,17.4,2,Unknown,2,3
560,0,3,0,32.368090452261306,0,0,7.75,1,Unknown,1,2
561,0,3,0,40.0,0,0,7.8958,2,Unknown,1,2
562,0,2,0,28.0,0,0,13.5,2,Unknown,1,2
563,0,3,0,32.368090452261306,0,0,8.05,2,Unknown,1,2
564,0,3,1,21.845637583892618,0,0,8.05,2,Unknown,1,1
565,0,3,0,24.0,2,0,24.15,2,Unknown,3,2
566,0,3,0,19.0,0,0,7.8958,2,Unknown,1,2
567,0,3,1,29.0,0,4,21.075,2,Unknown,5,3
568,0,3,0,32.368090452261306,0,0,7.2292,0,Unknown,1,2
569,1,3,0,32.0,0,0,7.8542,2,Unknown,1,2
570,1,2,0,62.0,0,0,10.5,2,Unknown,1,2
571,1,1,1,53.0,2,0,51.4792,2,C,3,3
572,1,1,0,36.0,0,0,26.3875,2,E,1,2
573,1,3,1,21.845637583892618,0,0,7.75,1,Unknown,1,1
574,0,3,0,16.0,0,0,8.05,2,Unknown,1,2
575,0,3,0,19.0,0,0,14.5,2,Unknown,1,2
576,1,2,1,34.0,0,0,13.0,2,Unknown,1,1
577,1,1,1,39.0,1,0,55.9,2,E,2,3
578,0,3,1,35.788990825688074,1,0,14.4583,0,Unknown,2,3
579,1,3,0,32.0,0,0,7.925,2,Unknown,1,2
580,1,2,1,25.0,1,1,30.0,2,Unknown,3,1
581,1,1,1,39.0,1,1,110.8833,0,C,3,3
582,0,2,0,54.0,0,0,26.0,2,Unknown,1,2
583,0,1,0,36.0,0,0,40.125,0,A,1,2
584,0,3,0,32.368090452261306,0,0,8.7125,0,Unknown,1,2
585,1,1,1,18.0,0,2,79.65,2,E,3,1
586,0,2,0,47.0,0,0,15.0,2,Unknown,1,2
587,1,1,0,60.0,1,1,79.2,0,B,3,2
588,0,3,0,22.0,0,0,8.05,2,Unknown,1,2
589,0,3,0,32.368090452261306,0,0,8.05,2,Unknown,1,2
590,0,3,0,35.0,0,0,7.125,2,Unknown,1,2
591,1,1,1,52.0,1,0,78.2667,0,D,2,3
592,0,3,0,47.0,0,0,7.25,2,Unknown,1,2
593,0,3,1,21.845637583892618,0,2,7.75,1,Unknown,3,1
594,0,2,0,37.0,1,0,26.0,2,Unknown,2,2
595,0,3,0,36.0,1,1,24.15,2,Unknown,3,2
596,1,2,1,21.845637583892618,0,0,33.0,2,Unknown,1,1
597,0,3,0,49.0,0,0,0.0,2,Unknown,1,2
598,0,3,0,32.368090452261306,0,0,7.225,0,Unknown,1,2
599,1,1,0,49.0,1,0,56.9292,0,A,2,4
600,1,2,1,24.0,2,1,27.0,2,Unknown,4,3
601,0,3,0,32.368090452261306,0,0,7.8958,2,Unknown,1,2
602,0,1,0,32.368090452261306,0,0,42.4,2,Unknown,1,2
603,0,3,0,44.0,0,0,8.05,2,Unknown,1,2
604,1,1,0,35.0,0,0,26.55,0,Unknown,1,2
605,0,3,0,36.0,1,0,15.55,2,Unknown,2,2
606,0,3,0,30.0,0,0,7.8958,2,Unknown,1,2
607,1,1,0,27.0,0,0,30.5,2,Unknown,1,2
608,1,2,1,22.0,1,2,41.5792,0,Unknown,4,3
609,1,1,1,40.0,0,0,153.4625,2,C,1,1
610,0,3,1,39.0,1,5,31.275,2,Unknown,7,3
611,0,3,0,32.368090452261306,0,0,7.05,2,Unknown,1,2
612,1,3,1,21.845637583892618,1,0,15.5,1,Unknown,2,1
613,0,3,0,32.368090452261306,0,0,7.75,1,Unknown,1,2
614,0,3,0,35.0,0,0,8.05,2,Unknown,1,2
615,1,2,1,24.0,1,2,65.0,2,Unknown,4,1
616,0,3,0,34.0,1,1,14.4,2,Unknown,3,2
617,0,3,1,26.0,1,0,16.1,2,Unknown,2,3
618,1,2,1,4.0,2,1,39.0,2,F,4,1
619,0,2,0,26.0,0,0,10.5,2,Unknown,1,2
620,0,3,0,27.0,1,0,14.4542,0,Unknown,2,2
621,1,1,0,42.0,1,0,52.5542,2,D,2,2
622,1,3,0,20.0,1,1,15.7417,0,Unknown,3,2
623,0,3,0,21.0,0,0,7.8542,2,Unknown,1,2
624,0,3,0,21.0,0,0,16.1,2,Unknown,1,2
625,0,1,0,61.0,0,0,32.3208,2,D,1,2
626,0,2,0,57.0,0,0,12.35,1,Unknown,1,4
627,1,1,1,21.0,0,0,77.9583,2,D,1,1
628,0,3,0,26.0,0,0,7.8958,2,Unknown,1,2
629,0,3,0,32.368090452261306,0,0,7.7333,1,Unknown,1,2
630,1,1,0,80.0,0,0,30.0,2,A,1,2
631,0,3,0,51.0,0,0,7.0542,2,Unknown,1,2
632,1,1,0,32.0,0,0,30.5,0,B,1,4
633,0,1,0,32.368090452261306,0,0,0.0,2,Unknown,1,2
634,0,3,1,9.0,3,2,27.9,2,Unknown,6,1
635,1,2,1,28.0,0,0,13.0,2,Unknown,1,1
636,0,3,0,32.0,0,0,7.925,2,Unknown,1,2
637,0,2,0,31.0,1,1,26.25,2,Unknown,3,2
638,0,3,1,41.0,0,5,39.6875,2,Unknown,6,3
639,0,3,0,32.368090452261306,1,0,16.1,2,Unknown,2,2
640,0,3,0,20.0,0,0,7.8542,2,Unknown,1,2
641,1,1,1,24.0,0,0,69.3,0,B,1,1
642,0,3,1,2.0,3,2,27.9,2,Unknown,6,1
643,1,3,0,32.368090452261306,0,0,56.4958,2,Unknown,1,2
644,1,3,1,0.75,2,1,19.2583,0,Unknown,4,1
645,1,1,0,48.0,1,0,76.7292,0,D,2,2
646,0,3,0,19.0,0,0,7.8958,2,Unknown,1,2
647,1,1,0,56.0,0,0,35.5,0,A,1,4
648,0,3,0,32.368090452261306,0,0,7.55,2,Unknown,1,2
649,1,3,1,23.0,0,0,7.55,2,Unknown,1,1
650,0,3,0,32.368090452261306,0,0,7.8958,2,Unknown,1,2
651,1,2,1,18.0,0,1,23.0,2,Unknown,2,1
652,0,3,0,21.0,0,0,8.4333,2,Unknown,1,2
653,1,3,1,21.845637583892618,0,0,7.8292,1,Unknown,1,1
654,0,3,1,18.0,0,0,6.75,1,Unknown,1,1
655,0,2,0,24.0,2,0,73.5,2,Unknown,3,2
656,0,3,0,32.368090452261306,0,0,7.8958,2,Unknown,1,2
657,0,3,1,32.0,1,1,15.5,1,Unknown,3,3
658,0,2,0,23.0,0,0,13.0,2,Unknown,1,2
659,0,1,0,58.0,0,2,113.275,0,D,3,2
660,1,1,0,50.0,2,0,133.65,2,Unknown,3,4
661,0,3,0,40.0,0,0,7.225,0,Unknown,1,2
662,0,1,0,47.0,0,0,25.5875,2,E,1,2
663,0,3,0,36.0,0,0,7.4958,2,Unknown,1,2
664,1,3,0,20.0,1,0,7.925,2,Unknown,2,2
665,0,2,0,32.0,2,0,73.5,2,Unknown,3,2
666,0,2,0,25.0,0,0,13.0,2,Unknown,1,2
667,0,3,0,32.368090452261306,0,0,7.775,2,Unknown,1,2
668,0,3,0,43.0,0,0,8.05,2,Unknown,1,2
669,1,1,1,35.788990825688074,1,0,52.0,2,C,2,3
670,1,2,1,40.0,1,1,39.0,2,Unknown,3,3
671,0,1,0,31.0,1,0,52.0,2,B,2,2
672,0,2,0,70.0,0,0,10.5,2,Unknown,1,2
673,1,2,0,31.0,0,0,13.0,2,Unknown,1,2
674,0,2,0,32.368090452261306,0,0,0.0,2,Unknown,1,2
675,0,3,0,18.0,0,0,7.775,2,Unknown,1,2
676,0,3,0,24.5,0,0,8.05,2,Unknown,1,2
677,1,3,1,18.0,0,0,9.8417,2,Unknown,1,1
678,0,3,1,43.0,1,6,46.9,2,Unknown,8,3
679,1,1,0,36.0,0,1,512.3292,0,B,2,2
680,0,3,1,21.845637583892618,0,0,8.1375,1,Unknown,1,1
681,1,1,0,27.0,0,0,76.7292,0,D,1,2
682,0,3,0,20.0,0,0,9.225,2,Unknown,1,2
683,0,3,0,14.0,5,2,46.9,2,Unknown,8,2
684,0,2,0,60.0,1,1,39.0,2,Unknown,3,2
685,0,2,0,25.0,1,2,41.5792,0,Unknown,4,2
686,0,3,0,14.0,4,1,39.6875,2,Unknown,6,2
687,0,3,0,19.0,0,0,10.1708,2,Unknown,1,2
688,0,3,0,18.0,0,0,7.7958,2,Unknown,1,2
689,1,1,1,15.0,0,1,211.3375,2,B,2,1
690,1,1,0,31.0,1,0,57.0,2,B,2,2
691,1,3,1,4.0,0,1,13.4167,0,Unknown,2,1
692,1,3,0,32.368090452261306,0,0,56.4958,2,Unknown,1,2
693,0,3,0,25.0,0,0,7.225,0,Unknown,1,2
694,0,1,0,60.0,0,0,26.55,2,Unknown,1,4
695,0,2,0,52.0,0,0,13.5,2,Unknown,1,2
696,0,3,0,44.0,0,0,8.05,2,Unknown,1,2
697,1,3,1,21.845637583892618,0,0,7.7333,1,Unknown,1,1
698,0,1,0,49.0,1,1,110.8833,0,C,3,2
699,0,3,0,42.0,0,0,7.65,2,F,1,2
700,1,1,1,18.0,1,0,227.525,0,C,2,3
701,1,1,0,35.0,0,0,26.2875,2,E,1,2
702,0,3,1,18.0,0,1,14.4542,0,Unknown,2,1
703,0,3,0,25.0,0,0,7.7417,1,Unknown,1,2
704,0,3,0,26.0,1,0,7.8542,2,Unknown,2,2
705,0,2,0,39.0,0,0,26.0,2,Unknown,1,2
706,1,2,1,45.0,0,0,13.5,2,Unknown,1,3
707,1,1,0,42.0,0,0,26.2875,2,E,1,2
708,1,1,1,22.0,0,0,151.55,2,Unknown,1,1
709,1,3,0,4.574166666666667,1,1,15.2458,0,Unknown,3,0
710,1,1,1,24.0,0,0,49.5042,0,C,1,1
711,0,1,0,32.368090452261306,0,0,26.55,2,C,1,2
712,1,1,0,48.0,1,0,52.0,2,C,2,2
713,0,3,0,29.0,0,0,9.4833,2,Unknown,1,2
714,0,2,0,52.0,0,0,13.0,2,Unknown,1,2
715,0,3,0,19.0,0,0,7.65,2,F,1,2
716,1,1,1,38.0,0,0,227.525,0,C,1,1
717,1,2,1,27.0,0,0,10.5,2,E,1,1
718,0,3,0,32.368090452261306,0,0,15.5,1,Unknown,1,2
719,0,3,0,33.0,0,0,7.775,2,Unknown,1,2
720,1,2,1,6.0,0,1,33.0,2,Unknown,2,1
721,0,3,0,17.0,1,0,7.0542,2,Unknown,2,2
722,0,2,0,34.0,0,0,13.0,2,Unknown,1,2
723,0,2,0,50.0,0,0,13.0,2,Unknown,1,2
724,1,1,0,27.0,1,0,53.1,2,E,2,2
725,0,3,0,20.0,0,0,8.6625,2,Unknown,1,2
726,1,2,1,30.0,3,0,21.0,2,Unknown,4,3
727,1,3,1,21.845637583892618,0,0,7.7375,1,Unknown,1,1
728,0,2,0,25.0,1,0,26.0,2,Unknown,2,2
729,0,3,1,25.0,1,0,7.925,2,Unknown,2,1
730,1,1,1,29.0,0,0,211.3375,2,B,1,1
731,0,3,0,11.0,0,0,18.7875,0,Unknown,1,2
732,0,2,0,32.368090452261306,0,0,0.0,2,Unknown,1,2
733,0,2,0,23.0,0,0,13.0,2,Unknown,1,2
734,0,2,0,23.0,0,0,13.0,2,Unknown,1,2
735,0,3,0,28.5,0,0,16.1,2,Unknown,1,2
736,0,3,1,48.0,1,3,34.375,2,Unknown,5,3
737,1,1,0,35.0,0,0,512.3292,0,B,1,2
738,0,3,0,32.368090452261306,0,0,7.8958,2,Unknown,1,2
739,0,3,0,32.368090452261306,0,0,7.8958,2,Unknown,1,2
740,1,1,0,32.368090452261306,0,0,30.0,2,D,1,2
741,0,1,0,36.0,1,0,78.85,2,C,2,2
742,1,1,1,21.0,2,2,262.375,0,B,5,1
743,0,3,0,24.0,1,0,16.1,2,Unknown,2,2
744,1,3,0,31.0,0,0,7.925,2,Unknown,1,2
745,0,1,0,70.0,1,1,71.0,2,B,3,4
746,0,3,0,16.0,1,1,20.25,2,Unknown,3,2
747,1,2,1,30.0,0,0,13.0,2,Unknown,1,1
748,0,1,0,19.0,1,0,53.1,2,D,2,2
749,0,3,0,31.0,0,0,7.75,1,Unknown,1,2
750,1,2,1,4.0,1,1,23.0,2,Unknown,3,1
751,1,3,0,6.0,0,1,12.475,2,E,2,0
752,0,3,0,33.0,0,0,9.5,2,Unknown,1,2
753,0,3,0,23.0,0,0,7.8958,2,Unknown,1,2
754,1,2,1,48.0,1,2,65.0,2,Unknown,4,3
755,1,2,0,0.67,1,1,14.5,2,Unknown,3,0
756,0,3,0,28.0,0,0,7.7958,2,Unknown,1,2
757,0,2,0,18.0,0,0,11.5,2,Unknown,1,2
758,0,3,0,34.0,0,0,8.05,2,Unknown,1,2
759,1,1,1,33.0,0,0,86.5,2,B,1,4
760,0,3,0,32.368090452261306,0,0,14.5,2,Unknown,1,2
761,0,3,0,41.0,0,0,7.125,2,Unknown,1,2
762,1,3,0,20.0,0,0,7.2292,0,Unknown,1,2
763,1,1,1,36.0,1,2,120.0,2,B,4,3
764,0,3,0,16.0,0,0,7.775,2,Unknown,1,2
765,1,1,1,51.0,1,0,77.9583,2,D,2,3
766,0,1,0,45.54545454545455,0,0,39.6,0,Unknown,1,4
767,0,3,1,30.5,0,0,7.75,1,Unknown,1,1
768,0,3,0,32.368090452261306,1,0,24.15,1,Unknown,2,2
769,0,3,0,32.0,0,0,8.3625,2,Unknown,1,2
770,0,3,0,24.0,0,0,9.5,2,Unknown,1,2
771,0,3,0,48.0,0,0,7.8542,2,Unknown,1,2
772,0,2,1,57.0,0,0,10.5,2,E,1,3
773,0,3,0,32.368090452261306,0,0,7.225,0,Unknown,1,2
774,1,2,1,54.0,1,3,23.0,2,Unknown,5,3
775,0,3,0,18.0,0,0,7.75,2,Unknown,1,2
776,0,3,0,32.368090452261306,0,0,7.75,1,F,1,2
777,1,3,1,5.0,0,0,12.475,2,Unknown,1,1
778,0,3,0,32.368090452261306,0,0,7.7375,1,Unknown,1,2
779,1,1,1,43.0,0,1,211.3375,2,B,2,3
780,1,3,1,13.0,0,0,7.2292,0,Unknown,1,1
781,1,1,1,17.0,1,0,57.0,2,B,2,3
782,0,1,0,29.0,0,0,30.0,2,D,1,2
783,0,3,0,32.368090452261306,1,2,23.45,2,Unknown,4,2
784,0,3,0,25.0,0,0,7.05,2,Unknown,1,2
785,0,3,0,25.0,0,0,7.25,2,Unknown,1,2
786,1,3,1,18.0,0,0,7.4958,2,Unknown,1,1
787,0,3,0,8.0,4,1,29.125,1,Unknown,6,0
788,1,3,0,1.0,1,2,20.575,2,Unknown,4,0
789,0,1,0,46.0,0,0,79.2,0,B,1,2
790,0,3,0,32.368090452261306,0,0,7.75,1,Unknown,1,2
791,0,2,0,16.0,0,0,26.0,2,Unknown,1,2
792,0,3,1,21.845637583892618,8,2,69.55,2,Unknown,11,1
793,0,1,0,32.368090452261306,0,0,30.6958,0,Unknown,1,2
794,0,3,0,25.0,0,0,7.8958,2,Unknown,1,2
795,0,2,0,39.0,0,0,13.0,2,Unknown,1,2
796,1,1,1,49.0,0,0,25.9292,2,D,1,4
797,1,3,1,31.0,0,0,8.6833,2,Unknown,1,3
798,0,3,0,30.0,0,0,7.2292,0,Unknown,1,2
799,0,3,1,30.0,1,1,24.15,2,Unknown,3,3
800,0,2,0,34.0,0,0,13.0,2,Unknown,1,2
801,1,2,1,31.0,1,1,26.25,2,Unknown,3,3
802,1,1,0,11.0,1,2,120.0,2,B,4,0
803,1,3,0,0.42,0,1,8.5167,0,Unknown,2,0
804,1,3,0,27.0,0,0,6.975,2,Unknown,1,2
805,0,3,0,31.0,0,0,7.775,2,Unknown,1,2
806,0,1,0,39.0,0,0,0.0,2,A,1,2
807,0,3,1,18.0,0,0,7.775,2,Unknown,1,1
808,0,2,0,39.0,0,0,13.0,2,Unknown,1,2
809,1,1,1,33.0,1,0,53.1,2,E,2,3
810,0,3,0,26.0,0,0,7.8875,2,Unknown,1,2
811,0,3,0,39.0,0,0,24.15,2,Unknown,1,2
812,0,2,0,35.0,0,0,10.5,2,Unknown,1,2
813,0,3,1,6.0,4,2,31.275,2,Unknown,7,1
814,0,3,0,30.5,0,0,8.05,2,Unknown,1,2
815,0,1,0,32.368090452261306,0,0,0.0,2,B,1,2
816,0,3,1,23.0,0,0,7.925,2,Unknown,1,1
817,0,2,0,31.0,1,1,37.0042,0,Unknown,3,2
818,0,3,0,43.0,0,0,6.45,2,Unknown,1,2
819,0,3,0,10.0,3,2,27.9,2,Unknown,6,0
820,1,1,1,52.0,1,1,93.5,2,B,3,3
821,1,3,0,27.0,0,0,8.6625,2,Unknown,1,2
822,0,1,0,38.0,0,0,0.0,2,Unknown,1,4
823,1,3,1,27.0,0,1,12.475,2,E,2,3
824,0,3,0,2.0,4,1,39.6875,2,Unknown,6,0
825,0,3,0,32.368090452261306,0,0,6.95,1,Unknown,1,2
826,0,3,0,32.368090452261306,0,0,56.4958,2,Unknown,1,2
827,1,2,0,1.0,0,2,37.0042,0,Unknown,3,0
828,1,3,0,32.368090452261306,0,0,7.75,1,Unknown,1,2
829,1,1,1,62.0,0,0,80.0,2,B,1,3
830,1,3,1,15.0,1,0,14.4542,0,Unknown,2,3
831,1,2,0,0.83,1,1,18.75,2,Unknown,3,0
832,0,3,0,32.368090452261306,0,0,7.2292,0,Unknown,1,2
833,0,3,0,23.0,0,0,7.8542,2,Unknown,1,2
834,0,3,0,18.0,0,0,8.3,2,Unknown,1,2
835,1,1,1,39.0,1,1,83.1583,0,E,3,1
836,0,3,0,21.0,0,0,8.6625,2,Unknown,1,2
837,0,3,0,32.368090452261306,0,0,8.05,2,Unknown,1,2
838,1,3,0,32.0,0,0,56.4958,2,Unknown,1,2
839,1,1,0,32.368090452261306,0,0,29.7,0,C,1,2
840,0,3,0,20.0,0,0,7.925,2,Unknown,1,2
841,0,2,0,16.0,0,0,10.5,2,Unknown,1,2
842,1,1,1,30.0,0,0,31.0,0,Unknown,1,1
843,0,3,0,34.5,0,0,6.4375,0,Unknown,1,2
844,0,3,0,17.0,0,0,8.6625,2,Unknown,1,2
845,0,3,0,42.0,0,0,7.55,2,Unknown,1,2
846,0,3,0,32.368090452261306,8,2,69.55,2,Unknown,11,2
847,0,3,0,35.0,0,0,7.8958,0,Unknown,1,2
848,0,2,0,28.0,0,1,33.0,2,Unknown,2,4
849,1,1,1,35.788990825688074,1,0,89.1042,0,C,2,3
850,0,3,0,4.0,4,2,31.275,2,Unknown,7,0
851,0,3,0,74.0,0,0,7.775,2,Unknown,1,2
852,0,3,1,9.0,1,1,15.2458,0,Unknown,3,1
853,1,1,1,16.0,0,1,39.4,2,D,2,1
854,0,2,1,44.0,1,0,26.0,2,Unknown,2,3
855,1,3,1,18.0,0,1,9.35,2,Unknown,2,3
856,1,1,1,45.0,1,1,164.8667,2,Unknown,3,3
857,1,1,0,51.0,0,0,26.55,2,E,1,2
858,1,3,1,24.0,0,3,19.2583,0,Unknown,4,3
859,0,3,0,32.368090452261306,0,0,7.2292,0,Unknown,1,2
860,0,3,0,41.0,2,0,14.1083,2,Unknown,3,2
861,0,2,0,21.0,1,0,11.5,2,Unknown,2,2
862,1,1,1,48.0,0,0,25.9292,2,D,1,3
863,0,3,1,21.845637583892618,8,2,69.55,2,Unknown,11,1
864,0,2,0,24.0,0,0,13.0,2,Unknown,1,2
865,1,2,1,42.0,0,0,13.0,2,Unknown,1,3
866,1,2,1,27.0,1,0,13.8583,0,Unknown,2,1
867,0,1,0,31.0,0,0,50.4958,2,A,1,2
868,0,3,0,32.368090452261306,0,0,9.5,2,Unknown,1,2
869,1,3,0,4.0,1,1,11.1333,2,Unknown,3,0
870,0,3,0,26.0,0,0,7.8958,2,Unknown,1,2
871,1,1,1,47.0,1,1,52.5542,2,D,3,3
872,0,1,0,33.0,0,0,5.0,2,B,1,2
873,0,3,0,47.0,0,0,9.0,2,Unknown,1,2
874,1,2,1,28.0,1,0,24.0,0,Unknown,2,3
875,1,3,1,15.0,0,0,7.225,0,Unknown,1,1
876,0,3,0,20.0,0,0,9.8458,2,Unknown,1,2
877,0,3,0,19.0,0,0,7.8958,2,Unknown,1,2
878,0,3,0,32.368090452261306,0,0,7.8958,2,Unknown,1,2
879,1,1,1,56.0,0,1,83.1583,0,C,2,3
880,1,2,1,25.0,0,1,26.0,2,Unknown,2,3
881,0,3,0,33.0,0,0,7.8958,2,Unknown,1,2
882,0,3,1,22.0,0,0,10.5167,2,Unknown,1,1
883,0,2,0,28.0,0,0,10.5,2,Unknown,1,2
884,0,3,0,25.0,0,0,7.05,2,Unknown,1,2
885,0,3,1,39.0,0,5,29.125,1,Unknown,6,3
886,0,2,0,27.0,0,0,13.0,2,Unknown,1,4
887,1,1,1,19.0,0,0,30.0,2,B,1,1
888,0,3,1,21.845637583892618,1,2,23.45,2,Unknown,4,1
889,1,1,0,26.0,0,0,30.0,0,C,1,2
890,0,3,0,32.0,0,0,7.75,1,Unknown,1,2
